{
  "Delete character" : {
    "transaction" : "Delete character",
    "sampleCount" : 48227,
    "errorCount" : 8415,
    "errorPct" : 17.448732,
    "meanResTime" : 2146.9258091940133,
    "medianResTime" : 1300.5,
    "minResTime" : 0.0,
    "maxResTime" : 65172.0,
    "pct1ResTime" : 12588.0,
    "pct2ResTime" : 23578.650000000704,
    "pct3ResTime" : 36362.98,
    "throughput" : 232.899667748416,
    "receivedKBytesPerSec" : 143.15067739874294,
    "sentKBytesPerSec" : 34.92252241973806
  },
  "Total" : {
    "transaction" : "Total",
    "sampleCount" : 260881,
    "errorCount" : 49868,
    "errorPct" : 19.115229,
    "meanResTime" : 5539.5455284210175,
    "medianResTime" : 10027.0,
    "minResTime" : 0.0,
    "maxResTime" : 134318.0,
    "pct1ResTime" : 34229.9,
    "pct2ResTime" : 37016.0,
    "pct3ResTime" : 39803.79000000004,
    "throughput" : 1259.7165552041333,
    "receivedKBytesPerSec" : 8621.615367683007,
    "sentKBytesPerSec" : 187.50920471281296
  },
  "Get all characters" : {
    "transaction" : "Get all characters",
    "sampleCount" : 56244,
    "errorCount" : 10268,
    "errorPct" : 18.25617,
    "meanResTime" : 15306.164248630901,
    "medianResTime" : 2641.5,
    "minResTime" : 0.0,
    "maxResTime" : 134318.0,
    "pct1ResTime" : 36361.9,
    "pct2ResTime" : 130634.85,
    "pct3ResTime" : 133657.85000000003,
    "throughput" : 271.5868156489324,
    "receivedKBytesPerSec" : 7964.522389855271,
    "sentKBytesPerSec" : 34.471551867750875
  },
  "Get character by id" : {
    "transaction" : "Get character by id",
    "sampleCount" : 54105,
    "errorCount" : 11746,
    "errorPct" : 21.709639,
    "meanResTime" : 3917.379927917929,
    "medianResTime" : 2043.0,
    "minResTime" : 0.0,
    "maxResTime" : 131465.0,
    "pct1ResTime" : 30155.0,
    "pct2ResTime" : 30524.95,
    "pct3ResTime" : 38026.98,
    "throughput" : 261.2720503373044,
    "receivedKBytesPerSec" : 187.46053345005384,
    "sentKBytesPerSec" : 31.961067542965864
  },
  "Create character" : {
    "transaction" : "Create character",
    "sampleCount" : 52499,
    "errorCount" : 10649,
    "errorPct" : 20.284195,
    "meanResTime" : 2984.62050705728,
    "medianResTime" : 2283.5,
    "minResTime" : 0.0,
    "maxResTime" : 65184.0,
    "pct1ResTime" : 30027.0,
    "pct2ResTime" : 31222.0,
    "pct3ResTime" : 37743.990000000005,
    "throughput" : 253.51915434057204,
    "receivedKBytesPerSec" : 174.69072903537747,
    "sentKBytesPerSec" : 43.41881166065453
  },
  "Edit character" : {
    "transaction" : "Edit character",
    "sampleCount" : 49806,
    "errorCount" : 8790,
    "errorPct" : 17.648476,
    "meanResTime" : 2250.7941011123353,
    "medianResTime" : 1357.0,
    "minResTime" : 0.0,
    "maxResTime" : 65709.0,
    "pct1ResTime" : 12421.800000000003,
    "pct2ResTime" : 30095.0,
    "pct3ResTime" : 36209.0,
    "throughput" : 240.5238732234526,
    "receivedKBytesPerSec" : 151.88420116335786,
    "sentKBytesPerSec" : 42.74862457925466
  }
}