{
  "Delete character" : {
    "transaction" : "Delete character",
    "sampleCount" : 20000,
    "errorCount" : 0,
    "errorPct" : 0.0,
    "meanResTime" : 51.3599499999996,
    "medianResTime" : 21.0,
    "minResTime" : 1.0,
    "maxResTime" : 732.0,
    "pct1ResTime" : 209.0,
    "pct2ResTime" : 262.0,
    "pct3ResTime" : 302.0,
    "throughput" : 291.72805111075456,
    "receivedKBytesPerSec" : 70.93777805329871,
    "sentKBytesPerSec" : 52.9896655337894
  },
  "Total" : {
    "transaction" : "Total",
    "sampleCount" : 100000,
    "errorCount" : 1333,
    "errorPct" : 1.333,
    "meanResTime" : 1120.3015200000048,
    "medianResTime" : 20.0,
    "minResTime" : 1.0,
    "maxResTime" : 66248.0,
    "pct1ResTime" : 31.0,
    "pct2ResTime" : 1179.0,
    "pct3ResTime" : 65136.990000000005,
    "throughput" : 1457.917219460279,
    "receivedKBytesPerSec" : 682.3467894157033,
    "sentKBytesPerSec" : 266.3617322699042
  },
  "Get all characters" : {
    "transaction" : "Get all characters",
    "sampleCount" : 20000,
    "errorCount" : 1178,
    "errorPct" : 5.89,
    "meanResTime" : 4926.470850000002,
    "medianResTime" : 23.0,
    "minResTime" : 1.0,
    "maxResTime" : 66248.0,
    "pct1ResTime" : 19502.40000000001,
    "pct2ResTime" : 30025.0,
    "pct3ResTime" : 65135.0,
    "throughput" : 291.60470066777475,
    "receivedKBytesPerSec" : 384.3456743632082,
    "sentKBytesPerSec" : 42.611562718703524
  },
  "Get character by id" : {
    "transaction" : "Get character by id",
    "sampleCount" : 20000,
    "errorCount" : 121,
    "errorPct" : 0.605,
    "meanResTime" : 467.42904999999797,
    "medianResTime" : 21.0,
    "minResTime" : 1.0,
    "maxResTime" : 65709.0,
    "pct1ResTime" : 280.0,
    "pct2ResTime" : 1177.0,
    "pct3ResTime" : 6316.990000000002,
    "throughput" : 291.6259605430075,
    "receivedKBytesPerSec" : 77.04904544899462,
    "sentKBytesPerSec" : 45.290878669019115
  },
  "Create character" : {
    "transaction" : "Create character",
    "sampleCount" : 20000,
    "errorCount" : 22,
    "errorPct" : 0.11,
    "meanResTime" : 103.32075000000019,
    "medianResTime" : 21.0,
    "minResTime" : 1.0,
    "maxResTime" : 30016.0,
    "pct1ResTime" : 215.0,
    "pct2ResTime" : 285.0,
    "pct3ResTime" : 426.0,
    "throughput" : 291.6344653611164,
    "receivedKBytesPerSec" : 75.31727779276456,
    "sentKBytesPerSec" : 62.58692074104318
  },
  "Edit character" : {
    "transaction" : "Edit character",
    "sampleCount" : 20000,
    "errorCount" : 12,
    "errorPct" : 0.06,
    "meanResTime" : 52.927000000000085,
    "medianResTime" : 21.0,
    "minResTime" : 1.0,
    "maxResTime" : 789.0,
    "pct1ResTime" : 223.0,
    "pct2ResTime" : 271.0,
    "pct3ResTime" : 324.0,
    "throughput" : 291.70677634841456,
    "receivedKBytesPerSec" : 74.81623612569645,
    "sentKBytesPerSec" : 62.95624762988245
  }
}