{
  "Delete character" : {
    "transaction" : "Delete character",
    "sampleCount" : 2000,
    "errorCount" : 0,
    "errorPct" : 0.0,
    "meanResTime" : 11.826499999999982,
    "medianResTime" : 7.0,
    "minResTime" : 1.0,
    "maxResTime" : 36.0,
    "pct1ResTime" : 23.0,
    "pct2ResTime" : 25.0,
    "pct3ResTime" : 30.99000000000001,
    "throughput" : 461.6805170821791,
    "receivedKBytesPerSec" : 112.26411011080333,
    "sentKBytesPerSec" : 83.85993767313019
  },
  "Total" : {
    "transaction" : "Total",
    "sampleCount" : 10000,
    "errorCount" : 0,
    "errorPct" : 0.0,
    "meanResTime" : 205.44949999999966,
    "medianResTime" : 12.0,
    "minResTime" : 1.0,
    "maxResTime" : 3398.0,
    "pct1ResTime" : 53.0,
    "pct2ResTime" : 2013.0,
    "pct3ResTime" : 3096.99,
    "throughput" : 2297.794117647059,
    "receivedKBytesPerSec" : 689.128651338465,
    "sentKBytesPerSec" : 424.5533662683823
  },
  "Get all characters" : {
    "transaction" : "Get all characters",
    "sampleCount" : 2000,
    "errorCount" : 0,
    "errorPct" : 0.0,
    "meanResTime" : 979.4100000000005,
    "medianResTime" : 26.0,
    "minResTime" : 1.0,
    "maxResTime" : 3398.0,
    "pct1ResTime" : 2798.7000000000003,
    "pct2ResTime" : 3096.95,
    "pct3ResTime" : 3215.96,
    "throughput" : 460.08741660915575,
    "receivedKBytesPerSec" : 227.1380585748792,
    "sentKBytesPerSec" : 71.4393547273982
  },
  "Get character by id" : {
    "transaction" : "Get character by id",
    "sampleCount" : 2000,
    "errorCount" : 0,
    "errorPct" : 0.0,
    "meanResTime" : 11.925499999999994,
    "medianResTime" : 8.0,
    "minResTime" : 1.0,
    "maxResTime" : 61.0,
    "pct1ResTime" : 22.0,
    "pct2ResTime" : 27.0,
    "pct3ResTime" : 42.0,
    "throughput" : 460.5111673958093,
    "receivedKBytesPerSec" : 115.5775097858623,
    "sentKBytesPerSec" : 71.95486990559522
  },
  "Create character" : {
    "transaction" : "Create character",
    "sampleCount" : 2000,
    "errorCount" : 0,
    "errorPct" : 0.0,
    "meanResTime" : 11.979499999999991,
    "medianResTime" : 8.0,
    "minResTime" : 1.0,
    "maxResTime" : 56.0,
    "pct1ResTime" : 21.0,
    "pct2ResTime" : 25.0,
    "pct3ResTime" : 39.99000000000001,
    "throughput" : 460.72333563695,
    "receivedKBytesPerSec" : 117.88038470398526,
    "sentKBytesPerSec" : 98.98352914075097
  },
  "Edit character" : {
    "transaction" : "Edit character",
    "sampleCount" : 2000,
    "errorCount" : 0,
    "errorPct" : 0.0,
    "meanResTime" : 12.106,
    "medianResTime" : 8.0,
    "minResTime" : 1.0,
    "maxResTime" : 60.0,
    "pct1ResTime" : 22.0,
    "pct2ResTime" : 26.0,
    "pct3ResTime" : 34.0,
    "throughput" : 461.2546125461255,
    "receivedKBytesPerSec" : 118.01631688191881,
    "sentKBytesPerSec" : 99.5481146217712
  }
}