{
  "Delete character" : {
    "transaction" : "Delete character",
    "sampleCount" : 31375,
    "errorCount" : 0,
    "errorPct" : 0.0,
    "meanResTime" : 140.6053545816733,
    "medianResTime" : 173.0,
    "minResTime" : 2.0,
    "maxResTime" : 476.0,
    "pct1ResTime" : 213.0,
    "pct2ResTime" : 225.0,
    "pct3ResTime" : 258.9900000000016,
    "throughput" : 512.7471809119137,
    "receivedKBytesPerSec" : 124.6816875459634,
    "sentKBytesPerSec" : 93.13571840782808
  },
  "Total" : {
    "transaction" : "Total",
    "sampleCount" : 163112,
    "errorCount" : 716,
    "errorPct" : 0.4389622,
    "meanResTime" : 1989.0068296630493,
    "medianResTime" : 215.0,
    "minResTime" : 1.0,
    "maxResTime" : 112681.0,
    "pct1ResTime" : 65076.0,
    "pct2ResTime" : 65312.0,
    "pct3ResTime" : 71262.99,
    "throughput" : 1424.683378461001,
    "receivedKBytesPerSec" : 4892.26773012381,
    "sentKBytesPerSec" : 260.8919003570181
  },
  "Get all characters" : {
    "transaction" : "Get all characters",
    "sampleCount" : 36236,
    "errorCount" : 618,
    "errorPct" : 1.7054863,
    "meanResTime" : 7797.619908378411,
    "medianResTime" : 194.0,
    "minResTime" : 2.0,
    "maxResTime" : 112681.0,
    "pct1ResTime" : 65076.0,
    "pct2ResTime" : 65312.0,
    "pct3ResTime" : 71262.99,
    "throughput" : 316.499257577081,
    "receivedKBytesPerSec" : 4612.052430889161,
    "sentKBytesPerSec" : 48.30578475740239
  },
  "Get character by id" : {
    "transaction" : "Get character by id",
    "sampleCount" : 32311,
    "errorCount" : 98,
    "errorPct" : 0.3033023,
    "meanResTime" : 857.6225124570564,
    "medianResTime" : 176.0,
    "minResTime" : 1.0,
    "maxResTime" : 64659.0,
    "pct1ResTime" : 219.0,
    "pct2ResTime" : 256.0,
    "pct3ResTime" : 56959.0,
    "throughput" : 363.54737446133424,
    "receivedKBytesPerSec" : 93.2167292121415,
    "sentKBytesPerSec" : 56.631988590974046
  },
  "Create character" : {
    "transaction" : "Create character",
    "sampleCount" : 31700,
    "errorCount" : 0,
    "errorPct" : 0.0,
    "meanResTime" : 168.29577287066232,
    "medianResTime" : 173.0,
    "minResTime" : 2.0,
    "maxResTime" : 21110.0,
    "pct1ResTime" : 214.0,
    "pct2ResTime" : 227.0,
    "pct3ResTime" : 267.9900000000016,
    "throughput" : 473.8982240028703,
    "receivedKBytesPerSec" : 121.2513034069844,
    "sentKBytesPerSec" : 101.81407156311667
  },
  "Edit character" : {
    "transaction" : "Edit character",
    "sampleCount" : 31490,
    "errorCount" : 0,
    "errorPct" : 0.0,
    "meanResTime" : 140.33715465227067,
    "medianResTime" : 173.0,
    "minResTime" : 1.0,
    "maxResTime" : 474.0,
    "pct1ResTime" : 213.0,
    "pct2ResTime" : 225.0,
    "pct3ResTime" : 258.0,
    "throughput" : 514.5845248794836,
    "receivedKBytesPerSec" : 131.66127492033664,
    "sentKBytesPerSec" : 111.05779296715419
  }
}