{
  "Delete character" : {
    "transaction" : "Delete character",
    "sampleCount" : 17436,
    "errorCount" : 0,
    "errorPct" : 0.0,
    "meanResTime" : 94.59176416609314,
    "medianResTime" : 97.0,
    "minResTime" : 4.0,
    "maxResTime" : 251.0,
    "pct1ResTime" : 134.0,
    "pct2ResTime" : 143.0,
    "pct3ResTime" : 171.0,
    "throughput" : 576.8925357331922,
    "receivedKBytesPerSec" : 140.27953261480943,
    "sentKBytesPerSec" : 104.78712074841185
  },
  "Total" : {
    "transaction" : "Total",
    "sampleCount" : 88643,
    "errorCount" : 0,
    "errorPct" : 0.0,
    "meanResTime" : 333.81986169240594,
    "medianResTime" : 131.0,
    "minResTime" : 1.0,
    "maxResTime" : 32521.0,
    "pct1ResTime" : 161.0,
    "pct2ResTime" : 182.0,
    "pct3ResTime" : 29346.99,
    "throughput" : 2600.9506763299196,
    "receivedKBytesPerSec" : 5049.063948754438,
    "sentKBytesPerSec" : 479.7929702400164
  },
  "Get all characters" : {
    "transaction" : "Get all characters",
    "sampleCount" : 18360,
    "errorCount" : 0,
    "errorPct" : 0.0,
    "meanResTime" : 1248.0260348583893,
    "medianResTime" : 101.0,
    "minResTime" : 2.0,
    "maxResTime" : 32521.0,
    "pct1ResTime" : 143.0,
    "pct2ResTime" : 1475.0500000000284,
    "pct3ResTime" : 29358.39,
    "throughput" : 538.7165869546081,
    "receivedKBytesPerSec" : 4530.452755246692,
    "sentKBytesPerSec" : 83.64837629470965
  },
  "Get character by id" : {
    "transaction" : "Get character by id",
    "sampleCount" : 17699,
    "errorCount" : 0,
    "errorPct" : 0.0,
    "meanResTime" : 95.73201875812171,
    "medianResTime" : 98.0,
    "minResTime" : 2.0,
    "maxResTime" : 329.0,
    "pct1ResTime" : 135.0,
    "pct2ResTime" : 146.0,
    "pct3ResTime" : 194.0,
    "throughput" : 585.3618203466067,
    "receivedKBytesPerSec" : 146.91209748933392,
    "sentKBytesPerSec" : 91.4627844291573
  },
  "Create character" : {
    "transaction" : "Create character",
    "sampleCount" : 17616,
    "errorCount" : 0,
    "errorPct" : 0.0,
    "meanResTime" : 95.09247275204369,
    "medianResTime" : 98.0,
    "minResTime" : 1.0,
    "maxResTime" : 296.0,
    "pct1ResTime" : 134.0,
    "pct2ResTime" : 144.0,
    "pct3ResTime" : 177.0,
    "throughput" : 582.7131090602362,
    "receivedKBytesPerSec" : 149.09261188845886,
    "sentKBytesPerSec" : 125.1922695246601
  },
  "Edit character" : {
    "transaction" : "Edit character",
    "sampleCount" : 17532,
    "errorCount" : 0,
    "errorPct" : 0.0,
    "meanResTime" : 94.58270590919388,
    "medianResTime" : 98.0,
    "minResTime" : 4.0,
    "maxResTime" : 249.0,
    "pct1ResTime" : 134.0,
    "pct2ResTime" : 143.0,
    "pct3ResTime" : 171.0,
    "throughput" : 580.0112482217885,
    "receivedKBytesPerSec" : 148.40131546299665,
    "sentKBytesPerSec" : 125.17820884474145
  }
}